{
  "train_loss": [
    2.148833031239717,
    1.595785069038801,
    1.2965609865725194,
    1.0452856031220283,
    0.8560183847041996,
    0.7099046700293451,
    0.6377101516937052,
    0.5815114154840064,
    0.5503416895256628,
    0.5177818186905073,
    0.4902181066667942,
    0.48081572616801543,
    0.46431633483265977,
    0.4524093241337925,
    0.43884842730391665,
    0.42763260711946754,
    0.4199891339634995,
    0.408781315054735,
    0.40471112549000077,
    0.40315902351265975,
    0.2416570121255677,
    0.18675976418092122,
    0.16784774250996387,
    0.14950226636989342,
    0.1389132014778264,
    0.1290793911556301,
    0.11774233346590605,
    0.11326739367316752,
    0.10088552091070606,
    0.09725591172094998,
    0.09135781672051953,
    0.08228715654472103,
    0.07999357937708916,
    0.07516551641580622,
    0.07422986739050702,
    0.05228961675244448,
    0.04180434371447167,
    0.037970418347488814,
    0.03381726727046815,
    0.032014021392711596,
    0.029843028803901446,
    0.027824799115757654,
    0.02761263670066319,
    0.026379724848977364,
    0.02369662760066159,
    0.023068421581031187,
    0.02309361493805676,
    0.02204827997652466,
    0.022553989829262124,
    0.022853514467797164
  ],
  "train_acc": [
    0.21742,
    0.40228,
    0.5257,
    0.6281,
    0.69968,
    0.75346,
    0.77962,
    0.80078,
    0.81254,
    0.82168,
    0.83388,
    0.83656,
    0.84186,
    0.84724,
    0.8508,
    0.8533,
    0.8567,
    0.85974,
    0.86188,
    0.86154,
    0.91906,
    0.937,
    0.94342,
    0.9489,
    0.95288,
    0.9561,
    0.96044,
    0.96182,
    0.96592,
    0.96742,
    0.96816,
    0.97266,
    0.97336,
    0.97452,
    0.97402,
    0.98346,
    0.98732,
    0.9885,
    0.9903,
    0.99078,
    0.99178,
    0.9925,
    0.9923,
    0.99294,
    0.99412,
    0.9937,
    0.994,
    0.99426,
    0.99418,
    0.994
  ],
  "test_loss": [
    1.6687374688402008,
    1.4059860932676098,
    1.3260599586028088,
    1.0349776812746554,
    0.7730816285821456,
    0.793526451798934,
    0.775482865828502,
    0.6604500729826432,
    0.582087722382968,
    0.6780914177622976,
    0.7218638439721698,
    0.690164998362336,
    0.565498015925854,
    0.5243310113496418,
    0.5711573830133752,
    0.6486146057708354,
    0.76521239816388,
    0.7144211074219474,
    0.6305812118174154,
    0.6361586474165132,
    0.25495844570141807,
    0.2410996014936061,
    0.23764390262621868,
    0.23776619721062575,
    0.2365652317582052,
    0.23390296582556977,
    0.25196133950088595,
    0.24448799077845826,
    0.23298320655204072,
    0.24743244938458067,
    0.24971165743809712,
    0.2557444016012964,
    0.25202772822938385,
    0.24108583659310884,
    0.2583743526211268,
    0.2217922090918203,
    0.21975691192135027,
    0.21842360798316665,
    0.22040901366102544,
    0.2212548781233498,
    0.2190625189886063,
    0.2229671930964989,
    0.22543711979177933,
    0.22348912343194213,
    0.22355609853999525,
    0.2224422426352018,
    0.22236245106669922,
    0.22187492138222803,
    0.22141525790661196,
    0.22184509274703038
  ],
  "test_acc": [
    0.3593,
    0.4794,
    0.5353,
    0.6259,
    0.7258,
    0.7313,
    0.7473,
    0.7743,
    0.7965,
    0.7822,
    0.7574,
    0.7745,
    0.8138,
    0.823,
    0.8103,
    0.7841,
    0.7502,
    0.7756,
    0.7974,
    0.7912,
    0.9137,
    0.9182,
    0.9188,
    0.9175,
    0.92,
    0.9223,
    0.9181,
    0.9205,
    0.9237,
    0.9212,
    0.9222,
    0.9195,
    0.9217,
    0.9265,
    0.9236,
    0.9312,
    0.9325,
    0.9325,
    0.9332,
    0.9332,
    0.934,
    0.9336,
    0.934,
    0.933,
    0.9342,
    0.9343,
    0.9331,
    0.9338,
    0.934,
    0.9338
  ],
  "lr": [
    0.1,
    0.1,
    0.1,
    0.1,
    0.1,
    0.1,
    0.1,
    0.1,
    0.1,
    0.1,
    0.1,
    0.1,
    0.1,
    0.1,
    0.1,
    0.1,
    0.1,
    0.1,
    0.1,
    0.010000000000000002,
    0.010000000000000002,
    0.010000000000000002,
    0.010000000000000002,
    0.010000000000000002,
    0.010000000000000002,
    0.010000000000000002,
    0.010000000000000002,
    0.010000000000000002,
    0.010000000000000002,
    0.010000000000000002,
    0.010000000000000002,
    0.010000000000000002,
    0.010000000000000002,
    0.010000000000000002,
    0.0010000000000000002,
    0.0010000000000000002,
    0.0010000000000000002,
    0.0010000000000000002,
    0.0010000000000000002,
    0.0010000000000000002,
    0.0010000000000000002,
    0.0010000000000000002,
    0.0010000000000000002,
    0.0010000000000000002,
    0.00010000000000000003,
    0.00010000000000000003,
    0.00010000000000000003,
    0.00010000000000000003,
    0.00010000000000000003,
    0.00010000000000000003
  ]
}